<assembly>
  <id>src</id>
  <formats>
    <format>zip</format>
  </formats>
  <includeBaseDirectory>true</includeBaseDirectory>
  <baseDirectory>springles-${artifact.version}</baseDirectory>
  <fileSets>
    <fileSet>
      <directory></directory>
      <outputDirectory>/</outputDirectory>
      <includes>
        <include>pom.xml</include>
        <include>checkstyle.xml</include>
        <include>eclipse.importorder</include>
        <include>eclipse-cleanup.xml</include>
        <include>eclipse-codetemplates.xml</include>
        <include>eclipse-formatter.xml</include>
      </includes>
    </fileSet>
    <fileSet>
      <directory>src</directory>
      <outputDirectory>/src</outputDirectory>
      <excludes>
        <exclude>**/*.svn</exclude>
      </excludes>
    </fileSet>
  </fileSets>
</assembly>
